Case number,Created date,Filename,URL
1,2020-02-19,2020-02-19 01 Anglesey Council Simplified Test KB.docx,https://www.anglesey.gov.uk/en/Residents/Residents.aspx
2,2020-02-21,2020-02-21 02 Cotswold Council Simplified Test KB.docx,https://www.cotswold.gov.uk/
3,2020-02-24,2020-02-24 03 London Borough of Barnet Simplified Test KB.docx,https://www.barnet.gov.uk/
4,2020-03-11,2020-03-11 04 Northampton Borough Council Simplified Test NR.docx,https://www.northampton.gov.uk/
5,2020-03-16,2020-03-16 05 Mendip District Council Simplified Test NR.docx,https://www.mendip.gov.uk/
6,2020-03-18,2020-03-18 06 Amber Valley Borough Council Simplified Test KB.docx,https://www.ambervalley.gov.uk/
7,2020-03-18,2020-03-18 07 Somerset West and Taunton Simplified Test NR.docx,https://www.somersetwestandtaunton.gov.uk/
8,2020-03-21,2020-03-21 08 East Dunbartonshire Council Simplified Test NR.docx,https://www.eastdunbarton.gov.uk/
9,2020-03-25,2020-03-25 09 Epping Forest District Council Simplified NR.docx,https://www.eppingforestdc.gov.uk/
10,2020-03-25,2020-03-25 10 Darlington Borough Council Simplified Test KB.docx,https://www.darlington.gov.uk/
11,2020-03-31,2020-03-31 11 Trafford Council Simplified Test NR.docx,https://www.trafford.gov.uk/Home.aspx
12,2020-05-13,2020-05-13 12 Gosport Borough Council Simplified Test KB.docx,https://www.gosport.gov.uk/
13,2020-04-06,2020-04-06 13 Brighton and Hove City Council Simplified Test NR.docx,https://new.brighton-hove.gov.uk/
14,2020-04-14,2020-04-14 14  Rotherham Simplified Test NR.docx,https://www.rotherham.gov.uk/
15,2020-04-20,2020-04-20 15 Liburn and Castlereagh Simplified Test NR.docx,https://www.lisburncastlereagh.gov.uk/
16,2020-05-20,2020-05-20 16 Harborough District Council Simplified Test NR.docx,https://www.harborough.gov.uk/
17,2020-05-29,2020-05-29 17 Harlow Council Simplified Test JE_.docx,https://www.harlow.gov.uk/
18,2020-06-05,2020-06-05 18 Fife Council Simplified Test NR.docx,https://www.fife.gov.uk/
19,2020-06-09,2020-06-09 19 West Lothian Council Simplified Test JE.docx,https://www.westlothian.gov.uk/
20,2020-06-10,2020-06-10 20 Orkney Islands Council Simplified Test NR.docx,https://www.orkney.gov.uk/
21,2020-06-12,2020-06-12 21 Newcastle City Council Simplified Test JE_.docx,https://www.newcastle.gov.uk/
22,2020-06-17,2020-06-17 22 West Oxfordshire Simplified Test NR.docx,https://www.westoxon.gov.uk/
23,2020-06-19,2020-06-19 23 Lincoln City Council Simplified Test JE_.docx,https://www.lincoln.gov.uk/
24,2020-06-25,2020-06-25 24 Government Communication Service Simplified Test JE.docx,https://gcs.civilservice.gov.uk/
25,2020-06-26,2020-06-26 25 BrumBreathes Simplified Test KB.docx,https://www.brumbreathes.co.uk/
26,2020-06-29,2020-06-29 26 Job Help Simplified Test JE_.docx,https://jobhelp.campaign.gov.uk/
27,2020-07-02,2020-07-02 27 Sports Council for Wales Simplified Test NR_.docx,https://www.sport.wales/
28,2020-07-02,2020-07-02 28 Birmingham 2022 Simplified Test JE_.docx,https://www.birmingham2022.com/
29,2020-07-08,2020-07-08 29 The National Lottery Community Fund Simplified Test KB.docx,https://www.tnlcommunityfund.org.uk/
30,2020-07-08,2020-07-08 30 Public Health Wales Simplified Test JE_.docx,https://phw.nhs.wales/
31,2020-06-12,2020-06-12 31 North East Derbyshire Council Simplified Test NR.docx,https://www.ne-derbyshire.gov.uk/
32,2020-07-08,2020-07-08 32 Yorkshire Dales National Park Simplified Test NR.docx,https://www.yorkshiredales.org.uk/
33,2020-07-14,2020-07-14 33 Public Prosecution Service for Northern Ireland Simplified Test JE_.docx,https://www.ppsni.gov.uk/
34,2020-07-17,2020-07-17 34 Royal Marines Museum Simplified Test JE.docx,https://www.newroyalmarinesmuseum.co.uk/
35,2020-07-15,2020-07-15 35 Horniman Museum and Gardens Simplified Test NR.docx,https://www.horniman.ac.uk/
36,2020-07-21,2020-07-21 36 NHS Wales Informatics Service Simplified Test KB.docx,https://nwis.nhs.wales/
37,2020-07-27,2020-07-27 37 Wales Audit Office Simplified Test JE_.docx,https://www.audit.wales/
38,2020-07-28,2020-07-28 38 National Museums Liverpool Simplified Test NR.docx,https://www.liverpoolmuseums.org.uk/
39,2020-07-29,2020-07-29 39 Welsh GovernmentSimplified Test NR.docx,https://gov.wales/
40,2020-08-03,2020-08-03 40 Visit England Simplified Test NR.docx,
41,2020-08-03,2020-08-03 41 Victims_ Commissioner Simplified Test JE.docx,https://victimscommissioner.org.uk/
42,2020-08-04,2020-08-04 42 Armed Forces Covenant Fund Trust Simplified Test KB.docx,https://covenantfund.org.uk/
43,2020-08-05,2020-08-05 43 Defence and Security Media Advisory Committee Simplified Test JE_.docx,https://dsma.uk/
44,2020-08-05,2020-08-05 44 National Citizen Service Simplified Test KB.docx,https://wearencs.com/
45,2020-08-06,2020-08-06 45 Social Work England Simplified Test JE_.xlsx,
46,2020-08-10,2020-08-10 46 Judicial Appointments Commission Simplified Test NR.docx,https://judicialappointments.digital/
47,2020-08-10,2020-08-10 47 British Transport Police Authority Simplified Test JE.xlsx,
48,2020-08-11,2020-08-11 48 NHS Counter Fraud Authority Simplified Test JE_.xlsx,
49,2020-08-13,2020-08-13 49 HMCPSI Simplified Test NR.docx,https://www.justiceinspectorates.gov.uk/hmcpsi/
50,2020-08-14,2020-08-14 50 East West Railway Company Limited Simplified Test initials KB.xlsx,https://eastwestrail.co.uk/
51,2020-08-14,2020-08-14 51 Sports Grounds Safety Authority Simplified Test JE_.xlsx,https://sgsa.org.uk/
52,2020-08-14,2020-08-14 52 GCHQ Simplified Test NR_.docx,https://www.gchq.gov.uk/
53,2020-08-18,2020-08-18 53 Queen Elizabeth II Conference Centre Simplified Test JE_.xlsx,https://qeiicentre.london/
54,2020-08-21,2020-08-21 54 UK Anti-Doping Simplified Test JE_.xlsx,https://www.ukad.org.uk/
55,2020-08-20,2020-08-20 55 Sir John Soane_s Museum Simplified Test NR _.docx,http://www.soane.org/
56,2020-08-26,2020-08-26 56 Arts council for Wales Simplified Test NR.docx,https://arts.wales/
57,2020-08-25,2020-08-25 57 Sport England Simplified Test JE_.xlsx,https://www.sportengland.org/
58,2020-08-26,2020-08-26 58 Careers Wales Simplified Test JE_.xlsx,https://careerswales.gov.wales/
59,2020-08-27,2020-08-27  59 NIHR Simplified Test NR.docx,https://www.nihr.ac.uk/
60,2020-09-01,2020-09-01 60 NHSX Simplified Test KB.xlsx,https://www.nhsx.nhs.uk/
61,2020-09-01,2020-09-01 61  Association for the Study of Medical Education Simplified Test NR.docx,https://www.asme.org.uk/
62,2020-09-01,2020-09-01 62 Health Education and Improvement Wales (HEIW) Simplified Test JE_.xlsx,https://heiw.nhs.wales/
63,2020-09-03,2020-09-03 63 Health Protection Scotland Simplified Test JE_.xlsx,https://www.hps.scot.nhs.uk/
64,2020-09-03,2020-09-03 d 64 NHS 111 WalesSimplified Test NR.docx,https://111.wales.nhs.uk/Default.aspx
65,2020-09-04,2020-09-04 65 Health Careers Simplified Test JE_.xlsx,https://www.healthcareers.nhs.uk/
66,2020-09-07,2020-09-07 66 Community Health Partnerships Ltd Simplified Test JE_.xlsx,https://communityhealthpartnerships.co.uk/
67,2020-09-22,2020-09-22 67 ODS Portal Simplified Test NR.docx,https://odsportal.hscic.gov.uk/
68,2020-09-08,2020-09-08 68 Wales Cancer Network Simplified Test NR.docx,http://www.walescanet.wales.nhs.uk/home
69,2020-09-09,2020-09-09 67 Data Security and Protection Toolkit Simplified Test NR.docx,https://www.dsptoolkit.nhs.uk/
70,2020-09-11,2020-09-11 70 NHS Hillingdon CCG Simplified Test JE_.xlsx,https://www.hillingdonccg.nhs.uk/
71,2020-09-11,2020-09-11 71 NHS East Sussex CCG Simplified Test JE_.xlsx,https://www.eastsussexccg.nhs.uk/
72,2020-09-17,2020-09-17 72 Norfolk and Waveney CCG Simplified Test JE.xlsx,https://www.norfolkandwaveneyccg.nhs.uk/
73,2020-09-18,2020-09-18  73 Health Informatics Service Simplified Test NR.docx,https://www.this.nhs.uk/accessibility/
74,2020-09-18,2020-09-18 74 Lincolnshire East CCG Simplified Test KR.docx,https://lincolnshireccg.nhs.uk/
75,2020-09-18,2020-09-18 75 Northern Health and Social Care Trust Simplified Test JE_.xlsx,http://www.northerntrust.hscni.net/
76,2020-09-22,2020-09-22 76 Brighton and Hove CCG Simplified Test JE.xlsx,https://www.brightonandhoveccg.nhs.uk
77,2020-09-23,2020-09-23 77 North Kirklees CCG Simplified Test JE.xlsx,https://www.northkirkleesccg.nhs.uk/
78,2020-09-24,2020-09-24 78 Cheshire _ Merseyside Health _ Care Partnership Simplified Test KB.xlsx,https://www.cheshireandmerseysidepartnership.co.uk/
79,2020-09-29,2020-29709 79  Greater Huddersfield CCG Simplified Test NR.docx,https://www.greaterhuddersfieldccg.nhs.uk/
80,2020-09-30,2020-09-30 80 Bradford District Care NHS Foundation Trust Simplified Test JE.xlsx,https://www.bdct.nhs.uk/
81,2020-10-01,2020-10-01 81 NHS Business Services Authority Simplified Test JE_.xlsx,https://www.nhsbsa.nhs.uk/
82,2020-10-05,2020-10-05 82 Sheffield City Region Simplified Test JE_.xlsx,https://sheffieldcityregion.org.uk/
83,2020-10-05,2020-10-05 83  Univeristy of Plymouth Simplified Test NR.docx,https://www.plymouth.ac.uk/
84,2020-10-06,2020-10-06 84  Canterbury Christ Church University Simplified Test NR_.docx,https://www.canterbury.ac.uk/
85,2020-11-11,2020-11-11 85 University of Bolton Simplified Test NR.docx,https://www.bolton.ac.uk/
86,2020-09-08,2020-09-08 86 Simplified test Reaseheath college KR.docx,https://www.reaseheath.ac.uk/
87,2020-10-08,2020-10-08 87 Barking and Dagenham College Simplified Test JE_.xlsx,https://www.barkingdagenhamcollege.ac.uk/
88,2020-10-14,2020-10-14 88 Simplified Test Wigan and Leigh college KR.docx,https://www.wigan-leigh.ac.uk/
89,2020-10-14,2020-10-14 89 Richard Huish College Simplified Test NR.docx,https://www.huish.ac.uk/
90,2020-10-15,2020-10-15 90 New City College Simplified Test JE_.xlsx,https://www.ncclondon.ac.uk/
91,2020-10-19,2020-10-19 91 Sandwell College Simplified Test KB.xlsx,https://www.sandwell.ac.uk
92,2020-10-20,2020-10-20 92 University of Reading Simplified Test KR.docx,http://www.reading.ac.uk/
93,2020-10-21,2020-10-21 93 Grantham College Simplified Test JE_.xlsx,https://www.grantham.ac.uk/
94,2020-10-22,2020-10-22  94  Staffordshire University Simplified Test KR.docx,https://www.staffs.ac.uk/
95,2020-10-26,2020-10-26 95 South and City College Birmingham Simplified Test KB.xlsx,https://www.sccb.ac.uk/
96,2020-10-26,2020-10-26 96 St Brendan_s Sixth Form College Simplified Test JE_.xlsx,https://www.stbrn.ac.uk/
97,2020-10-28,2020-10-28 97 Cornforth Parish Council Simplified Test KR.docx,https://www.cornforthparishcouncil.org.uk/
98,2020-10-30,2020-10-30 98 St Mary_s University Simplified Test NR.docx,https://www.stmarys.ac.uk/home.aspx
99,2020-10-30,2020-10-30 99 Stephenson College Simplified Test KR.docx,http://www.smbgroup.ac.uk/
100,2020-11-02,2020-11-02  100 Tewkesbury council org Simplified Test KR.docx,https://www.tewkesbury.gov.uk/
101,2020-11-03,2020-11-03 101 Healaugh _ Catterton Parish Council Simplified Test JE_.xlsx,https://www.healaughcattertoncouncil.co.uk/
102,2020-11-20,2020-11-20 102 Oakington _ Westwick Parish Council Simplified Test NR.docx,http://www.oakingtonandwestwick-pc.gov.uk/
103,2020-11-04,2020-11-04 103 Stevenage Borough Council Simplified Test JE_.xlsx,https://www.stevenage.gov.uk/
104,2020-11-04,2020-11-04 104 Birch Parish Council Simplified Test NR.docx,http://www.birchpc.org.uk/
105,2020-11-10,2020-11-10 105 Inshe _ Milton of Leys Community Council Simplified Test KB.xlsx,http://www.community-council.org.uk/invernesssouth/
106,2020-11-05,2020-11-05 106 Kettering Borough Council  org Simplified Test NR.docx,https://www.kettering.gov.uk/
107,2020-11-05,2020-11-05 107 Churchover Parish Council Simplified Test JE_.xlsx,https://churchoverparishcouncil.com/
108,2020-11-05,2020-11-05 108 Ribble Valley Borough Council Simplified Test JE_.xlsx,https://www.ribblevalley.gov.uk/
109,2020-11-06,2020-11-06 109 Thanet District Council Simplified Test JE.xlsx,https://www.thanet.gov.uk/
110,2020-11-09,2020-11-09 110 Penwortham Town Council Simplified Test KR.docx,http://www.penworthamtowncouncil.gov.uk/
111,2020-11-10,2020-11-10 111 Cheltenham Borough Council Simplified Test JE_.xlsx,https://www.cheltenham.gov.uk/
112,2020-11-11,2020-11-11 112 Whitehills _ District Community Council Simplified Test KB.xlsx,http://www.whitehillsandboyndie.co.uk/
113,2020-11-11,2020-11-11 113 Kislingbury Parish Council org Simplified Test KR.docx,https://www.kislingburypc.org.uk/
114,2020-11-11,2020-11-11 114 Cannock Chase Council Simplified Test JE_.xlsx,https://www.cannockchasedc.gov.uk/
115,2020-11-12,2020-11-12 115 Elie and the Royal Burgh of Earlsferry Community Council Simplified Test KR.docx,http://www.elieandearlsferrycc.org/index.asp
116,2020-11-13,2020-11-13 116 Utterby Parish Simplified Test NR.docx,https://utterby.parish.lincolnshire.gov.uk/
117,2020-11-16,2020-11-16 117 Dr_s Day _ Raja practice Simplified Test KR.docx,https://www.drsdayandraja.scot.nhs.uk/index.aspx
118,2020-11-17,2020-11-17 118 The Parks Medical Practice Simplified Test JE_.xlsx,https://www.theparksmedicalpractice.co.uk/
119,2020-11-17,2020-11-17 119 North Tees and Hartlepool NHS Foundation Trust Simplified Test NR.docx,https://www.nth.nhs.uk/
120,2020-11-18,2020-11-18 120 Black Country Healthcare NHS Foundation Trust Simplified Test JE_.xlsx,https://www.blackcountryhealthcare.nhs.uk/
121,2020-11-18,2020-11-18 121 County Durham and Darlington NHS Foundation Trust Simplified Test NR.docx,https://www.cddft.nhs.uk/
122,2020-11-18,2020-11-18 122 Waterside Medical Practice Simplified Test JE_.xlsx,https://watersidemedicalpractice.co.uk/
123,2020-11-19,2020-11-19 123 Greenbrook Healthcare Simplified Test KR_.docx,http://www.greenbrook.nhs.uk/
124,2020-11-19,2020-11-19 124 Aylesbury Medical Centre Simplified Test JE.xlsx,https://aylesburymedicalcentre.co.uk/
125,2020-11-19,2020-11-19 125 Cyncoed Medical Centre Simplified Test KB.xlsx,http://www.wales.nhs.uk/sites3/home.cfm?orgid=569
126,2020-11-20,2020-11-20 126 East of England Ambulance Service NHS Trust Simplified Test JE.xlsx,https://www.eastamb.nhs.uk/
127,2020-11-20,2020-11-20 127 City view Medical Simplified Test KR_.docx,https://www.cityviewmedical.co.uk
128,2020-11-23,2020-11-23 128 East linton surgery Simplified Test KR_.docx,https://eastlintonsurgery.scot.nhs.uk/
129,2020-11-24,2020-11-24 129 Selrick Medical Practice Simplified Test NR.docx,
130,2020-11-24,2020-11-24 130 Aviemore Practice Simplified Test NR.docx,https://aviemoremedical.co.uk/
131,2020-11-24,2020-11-24 131 Springwell Medical Group Simplified Test JE_.xlsx,https://springwellmedicalgroup.nhs.uk/
132,2020-11-24,2020-11-24 132 Stoke-on-Trent Community Drug _ Alcohol Service Simplified Test JE_.xlsx,https://www.scdas.org.uk/
133,2020-11-24,2020-11-24 133 Kent pension fund Simplified Test KR_.docx,https://www.kentpensionfund.co.uk/
134,2020-11-25,2020-11-25 134 The Linenhall Medical Practice  Simplified Test NR_.docx,https://linenhallmedicalpractice.co.uk/
135,2020-11-26,2020-11-26 135 London Ambulance Service NHS Trust  Simplified Test KR_.docx,https://www.londonambulance.nhs.uk/
136,2020-11-26,2020-11-26 136 Helensburgh Medical Centre Simplified Test JE.xlsx,https://www.helensburghmedicalcentre.com/
137,2020-11-27,2020-11-27 137 Banbury Cross Health Centre  Simplified Test NR.docx,https://www.banburycrosshealthcentre.co.uk/
138,2020-11-30,2020-11-30 138 The Robert Darbishire Practice Simplified Test NR_.docx,https://www.rdp.org.uk/
139,2020-11-30,2020-11-30 139 The Fishponds Family Practice Simplified Test NR_.docx,https://www.thefishpondsfamilypractice.nhs.uk/
140,2020-11-30,2020-11-30 140  Ossett surgery Simplified Test KR_.docx,https://www.ossettsurgery.nhs.uk/
141,2020-11-30,2020-11-30 141 Sheffield Teaching Hospitals -NHS Foundation Trust Simplified Test JE.xlsx,https://www.sth.nhs.uk/
142,2020-12-01,2020-12-01 142 Meadowbridge Surgery Simplified Test KR_.docx,https://www.meadowbridgesurgery.co.uk/
143,2020-12-01,2020-12-01 143 Elham Group of Practices Simplified Test JE_.xlsx,https://www.elmhamsurgery.com/
144,2020-12-01,2020-12-01 144 The Improving Access Service (IAS) -Brighton _ Hove  Simplified Test NR.docx,https://www.improvingaccessservices.co.uk/
145,2020-12-01,2020-12-01 145 Waveney Medical practice Simplified Test KR_.docx,https://www.waveneymedicalpractice.n-i.nhs.uk/
146,2020-12-01,2020-12-01 146 Crouch Vale Medical Centre Simplified Test NR _.docx,https://www.kingswaysurgery.net/
147,Unused,Unused,
148,2020-12-02,2020-12-02 148 East Suffolk and North Essex NHS Foundation Trust Simplified Test JE_.xlsx,https://www.esneft.nhs.uk/
149,2020-12-02,2020-12-02 149 Walsall healthcare NHS trust Simplified Test KR_.docx,https://www.walsallhealthcare.nhs.uk/
150,2020-12-04,2020-12-04 150 Riverbank Surgery Simplified Test JE_.xlsx,https://www.riverbanksurgery.scot.nhs.uk/
151,2020-12-04,2020-12-04 151  Worcestershire Health and Care NHS Trust Simplified Test NR.docx,https://www.hacw.nhs.uk/
152,2020-12-04,2020-12-04 152 Leeds Teaching Hospitals NHS Trust Simplified Test JE_.xlsx,https://www.leedsth.nhs.uk/
153,2020-12-07,2020-12-07 153 South Norfolk Council Simplified Test KR_.docx,https://www.south-norfolk.gov.uk/
154,2020-12-08,2020-12-08 154 Lambeth Council Simplified Test JE.xlsx,https://www.lambeth.gov.uk/
155,2020-12-08,2020-12-08 155 Dartford Borough Council Simplified Test KB_.xlsx,https://www.dartford.gov.uk/
156,2020-12-08,2020-12-08 156 Shropshire Council  Simplified Test KR_.docx,https://www.shropshire.gov.uk/
157,2020-12-09,2020-12-09 157  Maidstone Borough Council Simplified Test NR.docx,https://maidstone.gov.uk/
158,2020-12-14,2020-14-12 158 Glasgow City Council Simplified Test NR_.docx,https://www.glasgow.gov.uk/
159,2020-12-09,2020-12-09 159 West Devon Borough Council Simplified Test KR_.docx,https://www.westdevon.gov.uk/
160,2020-12-11,2020-12-11 160 Scarborough Borough council Simplified Test KR_.docx,https://www.scarborough.gov.uk/
161,2020-12-11,2020-12-11 161 South Cambridgeshire District Council Simplified Test JE_.xlsx,https://www.scambs.gov.uk/
162,2020-12-14,2020-12-14 162 Ards and North Down Borough Council Simplified Test KR_.docx,https://www.ardsandnorthdown.gov.uk/
163,2020-12-14,2020-14-12 163 Sefton Council Simplified Test NR.docx,https://www.sefton.gov.uk/
164,2020-12-15,2020-12-15 164 London Borough of Croydon Simplified Test NR.docx,
165,2020-12-15,2020-12-15 165 Keeley Robertson  East Renfrewshire Council Simplified Test KR_.docx,https://www.eastrenfrewshire.gov.uk/
166,2020-12-16,2020-12-16 166 Nottingham City council  org Simplified Test KR_.xlsx,https://www.nottinghamcity.gov.uk/
167,2020-12-21,2020-12-21 167 Elmbridge Borough Council Simplified Test KR_.xlsx,https://www.elmbridge.gov.uk
168,2020-12-30,2020-12-30 168 Southend on Sea Borough Council Simplified Test KR_.xlsx,https://www.southend.gov.uk/
169,2021-01-03,2021-01-03 169 Mid Devon District Council org Simplified Test KR.xlsx,https://www.middevon.gov.uk/
170,2021-01-04,2021-01-04 170 Hull City Council Simplified Test JE.xlsx,http://www.hull.gov.uk/
171,2021-01-05,2021-01-05 171 Portsmouth City Council Simplified Test KR_.xlsx,https://www.portsmouth.gov.uk/
173,2021-01-06,2021-01-06 173 Lichfield District Council Simplified Test JE.xlsx,https://www.lichfielddc.gov.uk/
173,2021-05-01,2021-05-01 173 Forest of Dean District CouncilSimplified Test NR_.xlsx,https://www.fdean.gov.uk/
174,2021-01-06,2021-01-06 174 London Borough of Hammersmith and Fulham Simplified Test JE.xlsx,https://www.lbhf.gov.uk/
175,2021-01-07,2021-01-07 175 City of York Council Simplified Test JE_.xlsx,https://www.york.gov.uk/
176,2020-08-01,2020-08-01 176 Coventry City Council Simplified Test NR.xlsx,https://www.coventry.gov.uk/
177,Unused,Unused,
178,2021-01-07,2021-01-07 178 Rochdale Borough Council org Simplified Test KR_.xlsx,http://www.rochdale.gov.uk/
179,2021-01-08,2021-01-08 179 Ryedale District Council  org Simplified Test KR_.xlsx,https://www.ryedale.gov.uk/
180,2021-01-13,2021-01-13  180 Erewash Borough Council Simplified Test NR_.xlsx,https://www.erewash.gov.uk/
181,2021-01-11,2021-01-11 181 Stratford-on-Avon District Council Simplified Test JE.xlsx,https://www.stratford.gov.uk/
182,2021-01-12,2021-01-12 182 Clackmannanshire Council Simplified Test KR_.xlsx,https://www.clacks.gov.uk/
183,2021-01-12,2021-01-12 183 Redcar and Cleveland Simplified Test KB.xlsx,https://www.redcar-cleveland.gov.uk/Pages/default.aspx
184,2021-01-13,2021-01-13 184 Cambridge City Council Simplified Test KR_.xlsx,https://www.cambridge.gov.uk/
185,2021-01-14,2021-01-14 185 Dorset Council Simplified Test NR.xlsx,https://www.dorsetcouncil.gov.uk/home.aspx
186,2021-01-13,2021-01-13 186 South Lanarkshire Council Simplified Test KR_.xlsx,https://www.southlanarkshire.gov.uk/
187,2021-02-09,2021-02-09 187 Pendle Borough Council Simplified Test NR_.xlsx,https://www.pendle.gov.uk/
188,2021-01-15,2021-01-15 188 Eastleigh Borough Council Simplified Test JE.xlsx,https://www.eastleigh.gov.uk/
189,2021-01-18,2021-01-18 189 Swale Borough Council Simplified Test KR_.xlsx,"https://www.swale.gov.uk/
"
190,2021-01-18,2020-01-18 190 Great Britain-China Centre (GBCC)Simplified Test NR _.xlsx,https://www.gbcc.org.uk/
191,2021-01-18,2021-01-18 191 National Heritage Memorial Fund org Simplified Test KR_.xlsx,https://www.nhmf.org.uk/
192,2021-01-21,2021_01_21 192 Ordanance Survey Simplified Test NR.xlsx,http://www.ordnancesurvey.co.uk/
193,2021-01-19,2021-01-19 193 Broads Authority Simplified Test JE.xlsx,https://www.broads-authority.gov.uk/
194,2020-01-20,2020-01-20 194 Health Education England org Simplified Test initials KR.xlsx,https://www.hee.nhs.uk/
195,2021-01-21,2021-01-21 195 Independent Reviewer of Terrorism Legislation Simplified Test JE.xlsx,https://terrorismlegislationreviewer.independent.gov.uk/
196,Missing,The Pensions Ombudsman,
197,2021-01-26,2021-01-26  197 Department for Communities (Northern Ireland) Simplified Test NR.xlsx,https://www.communities-ni.gov.uk/
198,2021-01-25,2021-01-25 198 Sea Fish Industry Authority Simplified Test KR_.xlsx,https://www.seafish.org/
199,2021-01-25,2021-01-25 199 Commissioner for Public Appointments Simplified Test JE_.xlsx,https://publicappointmentscommissioner.independent.gov.uk/
200,2021-01-26,2021-01-26 200 UK Debt Management Office Simplified Test KR_.xlsx,https://www.dmo.gov.uk/
201,2021-01-26,2021-01-26 201 Food Standards Agency Simplified Test NR.xlsx,https://www.food.gov.uk/
202,2021-01-26,2021-01-26 202 NHS Resolution Simplified Test JE_.xlsx,https://resolution.nhs.uk/
203,2020-01-27,2020-01-27 203 Investigatory Powers Commissioner_s Office Simplified Test KR_.xlsx,https://www.ipco.org.uk/
204,2021-01-28,2021-01-28 204 Ebbsfleet Development Corporation org Simplified Test KR_.xlsx,https://ebbsfleetdc.org.uk/
205,2021-01-28,2021-01-28 205 The Crown Prosecution Service Simplified Test JE_.xlsx,https://www.cps.gov.uk/
206,2020-01-29,2020-01-29 206 The Executive Office (Northern Ireland) Simplified Test NR.xlsx,https://www.executiveoffice-ni.gov.uk/
207,2021-02-02,2021-02-02  207 Chevening Scholarship Simplified Test KR_.xlsx,https://www.chevening.org/
208,2021-02-02,2021-02-02 208 Marshall Scholarships Simplified Test JE.xlsx,https://www.marshallscholarship.org/
209,2021-02-05,2021-02-05 209 Boundary Commission for Northern Ireland Simplified Test NR_.xlsx,https://www.boundarycommission.org.uk/
210,2021-02-03,2021-02-03 210 Trinity House Simplified Test JE_.xlsx,https://www.trinityhouse.co.uk/
211,2020-02-03,2020-02-03 211 Civil Aviation Authority Simplified Test KR_.xlsx,http://www.caa.co.uk/
212,2021-02-05,2021-02-05 212 Privy Council Office Simplified Test NR.xlsx,https://privycouncil.independent.gov.uk/
213,2021-02-11,2021-02-11 213  Secret Intelligence Service Simplified Test NR _.xlsx,https://www.sis.gov.uk/
214,2021-02-08,2021-02-08 214 Historic England Simplified Test KR_.xlsx,https://historicengland.org.uk/
215,2021-02-09,2021-02-09 215 Criminal cases review commission simplified Test JE.xlsx,https://ccrc.gov.uk/
216,2020-02-09,2020-02-09 216 Royal Armouries Museum Simplified Test KR_.xlsx,https://royalarmouries.org/
217,2021-02-10,2021-02-10 217 HM Inspectorate of Prisons Simplified Test NR.xlsx,https://www.justiceinspectorates.gov.uk/hmiprisons/
218,2021-02-10,2021-02-10 218 Police Ombudsman for Northern Ireland Simplified Test JE.xlsx,https://www.policeombudsman.org/
219,2021-02-10,2021-02-10 219 Boundary Commission for England Simplified Test KR_.xlsx,https://boundarycommissionforengland.independent.gov.uk/
220,2021-02-11,2021-02-11 220 The Investigatory Powers Tribunal Simplified Test NR_.xlsx,https://www.ipt-uk.com/
221,2021-02-11,2021-02-11 221 Serious Fraud Office Simplified Test NR_.xlsx,https://www.sfo.gov.uk/
222,2021-02-12,2021-02-12 222 Valuation Tribunal Service Simplified Test JE.xlsx,https://www.valuationtribunal.gov.uk/
223,2020-02-15,2020-02 15 223 Architects Registration Board org Simplified Test KR_.xlsx,https://arb.org.uk/
224,2021-02-16,2021-02-16 224 National Army Museum org Simplified Test KR_.xlsx,https://www.nam.ac.uk/
225,2021-02-16,2021-02-16  225 Drinking Water InspectorateSimplified Test NR.xlsx,https://www.dwi.gov.uk/
226,2021-02-17,2021-02-17 226 Fleet Air Arm Museum Simplified Test NR.xlsx,https://www.fleetairarm.com/
227,2021-02-17,2021-02-17 227 Historic Royal Palaces Simplified Test JE_.xlsx,https://www.hrp.org.uk/#gs.tsd6ug
228,2021-02-18,18_02_2021 228 Imperial War Museum  Simplified Test NR.xlsx,https://www.iwm.org.uk/
229,2021-02-18,2021-02-18 229 British Council Simplified Test JE.xlsx,https://www.britishcouncil.org/
230,2021-02-23,2021-02-23 230 Northern Ireland Policing Board Simplified Test JE.xlsx,
231,2021-02-23,2021-02-23 231 Office for Budget Responsibility (OBR) Simplified Test KR_.xlsx,https://obr.uk/
232,2021-02-24,2021-02-24 232 UK Research and Innovation Simplified Test AH.xlsx,https://www.ukri.org/
233,2021-02-24,2021-02-24 233 The Pensions Advisory Service Simplified Test JE_.xlsx,https://www.pensionsadvisoryservice.org.uk/
234,2021-04-08,2021-04-08 234 Northern Lighthouse Board Simplified Test KR.xlsx,"http://www.nlb.org.uk/.
"
235,2021-04-26,2021-04-26 235 British Film Institute Simplified Test AM _ JE.xlsx,http://www.bfi.org.uk
236,2021-04-26,2021-04-26 236 Independent Commission for Aid Impact Simplified Test RB _ JE.xlsx,http://icai.independent.gov.uk/
237,2021-05-11,2021-05-11 237 Department of Justice (Northern Ireland) Simplified Test NR.xlsx,https://www.justice-ni.gov.uk/
238,2021-04-27,2021-04-27 238 Law Commission Simplified Test NT _ NR.xlsx,http://www.lawcom.gov.uk
239,2021-04-27,2021-04-27 239 The Parliamentary and Health Service Ombudsman Simplified Test JJ _ NR.xlsx,http://www.ombudsman.org.uk/
240,2021-04-21,2021-04-21 240 HM Inspectorate of Constabulary and Fire _ Rescue Services Simplified Test KR.xlsx,https://www.justiceinspectorates.gov.uk/hmicfrs/
241,2020-04-30,2020-04-30 241 Police Service of Northern Ireland Simplified Test AH.xlsx,https://www.psni.police.uk/
242,2021-04-27,20201-04-27 242 Committee on Climate Change Simplified Test JE.xlsx,http://www.theccc.org.uk/
243,2020-04-30,2020-04-30 243 Northern Ireland Housing Executive Simplified Test KM _ AH.xlsx,https://www.nihe.gov.uk/
244,2021-02-26,2021-02-26 244 Higher Education Statistics Agency Simplified Test JE.xlsx,https://www.hesa.ac.uk/
245,2021-02-25,2021-02-25 245 Horserace Betting Levy Board Simplified Test initials KR.xlsx,https://www.hblb.org.uk/
246,2021-02-26,2021-02-26 246 Dartmoor National Park Simplified Test AH.xlsx,https://www.dartmoor.gov.uk/
247,2021-03-01,2021-03-01 247 Victoria and Albert Museum Simplified Test KR.xlsx,http://www.vam.ac.uk
248,2021-03-02,2021-03-02 248 British Pharmacopoeia Simplified Test JE.xlsx,https://www.pharmacopoeia.com/
249,2021-03-02,2021-03-02  249 New Forest National Park Authority Simplified Test KR_.xlsx,https://www.newforestnpa.gov.uk/
250,2021-03-03,2021-03-03 250 The Supreme Court Simplified Test JE.xlsx,https://www.supremecourt.uk/
251,2021-03-03,2021-03-03 251 Wilton Park Simplified Test AH.xlsx,https://www.wiltonpark.org.uk/
252,2021-03-04,2021-03-04 252 NHS Blood and Transplant Simplified Test JE_.xlsx,https://www.nhsbt.nhs.uk/
253,2021-03-06,2021-03-06 253 Office of the Registrar of Consultant Lobbyists org Simplified Test KR_.xlsx,https://registrarofconsultantlobbyists.org.uk/
254,2021-03-08,2021-03-08 254 Equality and Human Rights Commission  Simplified Test KR_.xlsx,https://www.equalityhumanrights.com/en
255,2021-03-08,2021-03-08 255 Royal Mint Simplified Test KR_.xlsx,https://www.royalmint.com/
256,2020-03-08,2020-03-08 256 Lake District National Park Simplified Test NR.xlsx,https://www.lakedistrict.gov.uk/
257,2021-03-09,2021-03-09 257 Legal Ombudsman Simplified Test NR.xlsx,https://www.legalombudsman.org.uk/
258,2021-03-09,2021-03-09 258 Churches Conservation Trust Simplified Test JE.xlsx,https://www.visitchurches.org.uk/
259,2020-03_09,2020-03_09 259 Oil and Gas Authority Simplified Test NR_.xlsx,https://www.ogauthority.co.uk/
260,2021-03-10,2021-03-10 260 Peak District National Park  org Simplified Test KR_.xlsx,https://www.peakdistrict.gov.uk/
261,2021-03-12,2021-03-12  261 Department for Infrastructure (Northern Ireland) Simplified Test NR.xlsx,https://www.infrastructure-ni.gov.uk/
262,2021-03-11,2021-03-11 262 FCO Services Simplified Test JE_.xlsx,https://www.fcoservices.gov.uk/
263,2021-03-12,2021-03-12 263 Independent Parliamentary Standards Authority Simplified Test JE.xlsx,https://www.theipsa.org.uk/
264,2021-04-01,2021-04-01 264 Forestry England Simplified Test NR _.xlsx,https://www.forestryengland.uk/
265,2021-03-13,2021-03-13 265 Office of Rail and Road Simplified Test KR_.xlsx,https://www.orr.gov.uk/
266,2021-03-13,2021-03-13 266 Independent Anti-Slavery Commissioner Simplified Test AH.xlsx,http://www.antislaverycommissioner.co.uk/
267,2021-03-15,2021-03-15 267 Advisory Committee on Animal Feedingstuffs org Simplified Test KR_.xlsx,https://acaf.food.gov.uk/
268,2021-03-16,2021-03-16 268 Ofgem Simplified Test AH_.xlsx,https://www.ofgem.gov.uk/
269,2021-03-16,2021-03-16 269 UK Sport Simplified Test KR_.xlsx,https://www.uksport.gov.uk/
270,2021-03-19,2021-03-19 270 Fire Service College Simplified Test AH_.xlsx,https://www.fireservicecollege.ac.uk/
271,Missing,National Portrait Gallery,
272,2021-03-21,2021-03-21 272 Network Rail Simplified Test KR.xlsx,https://www.networkrail.co.uk/
273,2021-03-22,2021-03-22 273 NICE Simplified Test AH.xlsx,https://www.nice.org.uk/
274,2021-03-22,2021-03-22 274 Financial Conduct Authority Simplified Test KR.xlsx,https://www.fca.org.uk/
275,2021-03-23,2021-03-23 275 NHS Digital Simplified Test JE.xlsx,https://digital.nhs.uk/
276,2021_03_23,2021_03_23 276 Natural History Museum Simplified Test NR.xlsx,https://www.nhm.ac.uk/
277,2021-03-24,2021-03-24 277 North York Moors National Park Authority Simplified Test NR.xlsx,https://www.northyorkmoors.org.uk/
278,2021-03-24,2021-03-24 278 Tate Simplified Test NR.xlsx,https://www.tate.org.uk/
279,2021-03-25,2021-03-25 279 Probation Board for Northern Ireland Simplified Test JE.xlsx,https://www.pbni.org.uk/
280,2021-03-26,2021-03-26 280 UK Statistics Authority Simplified Test KR.xlsx,https://uksa.statisticsauthority.gov.uk/
281,2021-03-29,2021-03-29 281 The Water Services Regulation Authority (Ofwat)  Simplified Test KR.xlsx,https://www.ofwat.gov.uk/
282,2021-03-29,2021-03-29 282 National Lottery Heritage Fund Simplified Test KR.xlsx,https://www.heritagefund.org.uk/
283,2021-03-30,2021-03-30 283 Children_s Commissioner for England Simplified Test JE_.xlsx,https://www.childrenscommissioner.gov.uk/
284,2021-04-14,2021-04-14 284 Northern Ireland Human Rights CommissionSimplified Test NR.xlsx,https://www.nihrc.org/
285,2021-03-30,2021-03-30 285 Porton Biopharma Limited Simplified Test KR.xlsx,http://www.portonbiopharma.com/
286,2021-03-31,2021-03-31 286 VisitDoncaster Simplified Test JE.xlsx,https://www.visitdoncaster.com/
287,2021-03-30,2021-03-30 287 Independent Commission on Civil Aviation Noise Simplified Test KR.xlsx,https://iccan.gov.uk/
288,2021-04-01,2021-04-01 288 BusinessDoncaster Simplified Test JE.xlsx,https://www.businessdoncaster.co.uk/
289,2021-04-06,2021-04-06 289 Crossrail International Simplified Test KR.xlsx,https://www.crossrail-international.co.uk/
290,2021-04-07,2021-04-07 290 Livestock and Meat Commission for Northern Ireland Simplified Test KR.xlsx,https://www.lmcni.com/
291,2021-04-23,2021-04-23 291 Pension Protection Fund Simplified Test PA _ KR.xlsx,https://www.ppf.co.uk/
292,2021-04-23,2021-04-23 292 National Employment Savings Trust (NEST) Corporation Simplified Test KC.xlsx,http://www.nestpensions.org.uk/
293,2021-04-12,2021-04-12 293 Northern Ireland Statistics and Research Agency Simplified Test KR.xlsx,https://www.nisra.gov.uk/
294,2021-04-12,2021-04-12  294 Human tissue authority Simplified Test KR.xlsx,https://www.hta.gov.uk/
295,2021-04-13,2021-04-13 295 Human Fertilisation and Embryology Authority  Simplified Test KR.xlsx,https://www.hfea.gov.uk/
296,2021-04-13,2021-04-13 296 Local Government and Social Care Ombudsman simplified test JE_.xlsx,https://www.lgo.org.uk/
297,Missing,Exmoor National Park Authority,
298,2021-04-15,2021-04-15 298 Children and Family Court Advisory and Support Service (Cafcass) Simplified Test JE.xlsx,https://www.cafcass.gov.uk/
299,2021-04-15,2021-04-15 299 Arts Council of Northern Ireland Simplified Test NR.xlsx,http://www.artscouncil-ni.org/
300,2021-04-16,2021-04-16 300 Arts Council England Simplified Test NR.xlsx,https://www.artscouncil.org.uk/
301,2021-04-19,2021-04-19 301 Rail Safety and Standards BoardSimplified Test NR.xlsx,https://www.rssb.co.uk/
302,2021-04-19,2021-04-19 302 The Scottish Government Simplified Test initials.xlsx,http://www.gov.scot/
303,2021-04-20,2021-04-20 303 NHS England Simplified Test NR.xlsx,https://www.england.nhs.uk/
304,2021-04-19,2021-04-19 304 Estyn org Simplified Test KR.xlsx,https://www.estyn.gov.wales/
305,2021-04-20,2021-04-20 305 Bank of England Simplified Test JE_.xlsx,https://www.bankofengland.co.uk/
306,2021-04-24,2021-04-24 306 Civil Service Commission Simplified Test NR.xlsx,https://civilservicecommission.independent.gov.uk/
307,2021-04-20,2021-04-20 307 Department of Finance -Northern Ireland org Simplified Test KR.xlsx,https://www.finance-ni.gov.uk/
308,2020-04-30,2020-04-30 308 The Wallace Collection Simplified Test JK (new template).xlsx,https://www.wallacecollection.org
309,2021-05-11,2021-05-11 309 National Infrastructure Commission Simplified Test NR.xlsx,https://nic.org.uk/
310,2021-04-27,2021-04-27 310 Ofcom Simplified Test NR.xlsx,https://www.ofcom.org.uk/
311,2021-04-21,2021-04-21 311 Gambling Commission Simplified Test KR.xlsx,http://www.gamblingcommission.gov.uk/home.aspx
312,2021-04-23,2021-04-23 312 Service Complaints Ombudsman Simplified Test JE.xlsx,https://www.scoaf.org.uk/
313,2021-04-26,2021-04-26 313 British Library Simplified Test KR.xlsx,https://www.bl.uk/
314,2021-04-27,2021-04-27  314 Natural Resources Wales Simplified Test KR.xlsx,https://naturalresourceswales.gov.uk/splash?orig=%2f&lang=cy
315,2021-04-28,2021-04-28 315 Office for Students Simplified Test JE.xlsx,https://www.officeforstudents.org.uk/
316,2021-04-29,2021-04-29 316 Care Quality Commission Simplified Test JE.xlsx,https://www.cqc.org.uk/
317,2021-04-29,2021-04-29 317 Advisory Council -The National Archives Simplified Test initials KR.xlsx,"https://www.nationalarchives.gov.uk/about/our-role/advisory-council/
"
318,2021-04-29,2021-04-29 318 Construction Industry Training Board Simplified Test KC.xlsx,https://www.citb.co.uk/
319,Missing,Prisons and Probation Ombusman,
320,Missing,Financial Reporting Council,
321,2021-04-30,2021-04-30 321 Theatres Trust Simplified Test JE.xlsx,http://www.theatrestrust.org.uk/
322,2021-04-30,2021-04-30 322 Advisory Committee on Novel Foods and Processes Simplified Test JE.xlsx,https://acnfp.food.gov.uk/
323,2021-04-30,2021-04-30 323 Independent Advisory Panel on Deaths in Custody simplified test JE.xlsx,https://www.iapondeathsincustody.org/
324,2021-05-02,2021-05-02 324 Board of Trustees -Royal Botanic Gardens Kew Simplified Test NR.xlsx,https://www.kew.org/about-us/who-we-are/board-of-trustees
325,2021-05-06,2021-05-06 325 National Crime Agency Simplified Test NR_.xlsx,https://www.nationalcrimeagency.gov.uk/
326,2021-05-05,2021-05-05 326 National Cyber Security Centre Simplified Test JE.xlsx,https://www.ncsc.gov.uk/
327,2021-05-05,2021-05-05 327 UK Government Investments Simplified Test KR.xlsx,https://www.ukgi.org.uk/
328,2021-05-05,2021-05-05 328 Advisory Committee on the Microbiological Safety of Food Simplified Test JE.xlsx,https://acmsf.food.gov.uk/
329,2021-05-06,2021-05-06 329 Independent Complaints Reviewer Simplified Test KR.xlsx,https://www.icrev.org.uk/
330,2021-05-10,2021-05-10 330 Advisory Committee for Social Science Simplified Test KR.xlsx,https://acss.food.gov.uk/
331,2021-05-07,2021-05-07 331 Boundary Commission for Scotland Simplified Test KC.xlsx,https://www.bcomm-scotland.independent.gov.uk/
332,2021-05-07,2021-05-07 332 Covent Garden Market Authority Simplified Test JE.xlsx,https://www.newcoventgardenmarket.com/
333,2021-05-10,2021-05-10 333 National Leadership Centre Simplified Test KR_.xlsx,"https://www.nationalleadership.gov.uk/
"
334,2021-05-10,2021-05-10 334 Office for Nuclear Regulation Simplified Test KR.xlsx,"https://www.onr.org.uk/
"
335,2021-05-10,2021-05-10 335 Portable Antiquities Scheme  org Simplified Test KR.xlsx,"https://finds.org.uk/
"
336,2021-05-11,2021-05-11 336 Welbeck The Defence Sixth Form College Simplified Test KC.xlsx,https://www.dsfc.ac.uk/
337,2021-05-11,2021-05-11 337 The National Forest Simplified Test NR.xlsx,https://www.nationalforest.org/
338,2021-05-11,2021-05-11 338 The Pensions Regulator Simplified Test NR_.xlsx,https://www.thepensionsregulator.gov.uk/
339,2021-05-11,2021-05-11 339 British Business Bank Simplified Test JE.xlsx,https://www.british-business-bank.co.uk/
340,2021-05-11,2021-05-11 340 Royal Museums GreenwichSimplified Test NR.xlsx,
341,2021-05-11,2021-05-11 341 National Museum of the Royal Navy Simplified Test KR.xlsx,https://www.nmrn.org.uk/
342,2021-05-12,2021-05-12 342 Health and Safety Executive Simplified Test JE.xlsx,https://www.hse.gov.uk/index.htm
343,2021-05-12,2021-05-12 343 Boundary Commission for Wales Simplified Test JE.xlsx,https://bcomm-wales.gov.uk/
344,2021-05-13,2021-05-13 344 Museum of the Home Simplified Test KC.xlsx,https://www.museumofthehome.org.uk/
345,Missing,South Downs National Park Authority,
346,2021-05-14,2021-05-14 346 LocatED Simplified Test JE.xlsx,https://located.co.uk/
1320,2020-11-27,2020-11-27 132 Shepley health centre Simplified Test KR_.docx,http://www.shepleyhealthcentre.co.uk/
1460,2020-12-08,2020-12-08 146 Dr K McLachlan and Partners  Simplified Test NR.docx,https://drmclachlanandpartners.co.uk/index.aspx?pr=S85259
2340,2021-04-08,2021-04-08 234 Security Industry Authority org Simplified Test KR.xlsx,https://www.gov.uk/government/organisations/security-industry-authority
